USE insurance;

INSERT INTO insurance.customer (first_name, last_name, gender, ssn, dob, email)
VALUES
('Boot', 'Bassom', 'M', '279-34-9271', '1995-09-03', 'bbassom0@walmart.com'),
('Hobart', 'Callis', 'M', '614-55-3292', '1987-08-24', 'hcallis1@japanpost.jp'),
('Johannes', 'Seviour', 'M', '649-33-5412', '1985-12-18', 'jseviour2@japanpost.jp'),
('Elston', 'Rowbrey', 'M', '475-02-3768', '1997-06-05', 'erowbrey3@dyndns.org'),
('Katharine', 'Stiling', 'F', '263-82-1306', '1995-05-17', 'kstiling4@g.co'),
('Tabatha', 'Loges', 'F', '146-21-4463', '1982-02-18', 'tloges5@studiopress.com'),
('Charmain', 'McInility', 'F', '426-01-5174', '1993-08-11', 'cmcinility6@exblog.jp'),
('Galvin', 'Ca', 'M', '644-74-7660', '1990-10-19', 'gca7@princeton.edu'),
('Cully', 'Surfleet', 'M', '773-68-9397', '1988-10-18', 'csurfleet8@tripod.com'),
('Wain', 'Leipelt', 'M', '439-85-7526', '1979-01-18', 'wleipelt9@pbs.org'),
('Page', 'Folkard', 'F', '730-24-3604', '1996-05-19', 'pfolkarda@drupal.org'),
('Mahmoud', 'Carnall', 'M', '185-75-7184', '1980-08-28', 'mcarnallb@pagesperso-orange.fr'),
('Granthem', 'Tooby', 'M', '363-85-0196', '1974-03-04', 'gtoobyc@wikispaces.com'),
('Franz', 'Harrisson', 'M', '724-98-5080', '1976-04-19', 'fharrissond@friendfeed.com'),
('Husein', 'Pagen', 'M', '412-81-2221', '1983-01-09', 'hpagene@github.com'),
('Teodor', 'Points', 'M', '161-48-7360', '1995-04-11', 'tpointsf@ycombinator.com'),
('Daryl', 'Achromov', 'F', '231-40-2508', '1997-11-19', 'dachromovg@hao123.com'),
('Gregoor', 'Steptowe', 'M', '566-51-4958', '1980-08-17', 'gsteptoweh@economist.com'),
('Niki', 'Windross', 'M', '321-64-6928', '1976-01-18', 'nwindrossi@jigsy.com'),
('Clem', 'McNae', 'M', '131-21-8328', '1991-02-11', 'cmcnaej@wordpress.com'),
('Alwin', 'Dreye', 'M', '461-78-9439', '1989-07-17', 'adreyek@umn.edu'),
('Shena', 'Nice', 'F', '828-17-0858', '1996-03-01', 'snicel@salon.com'),
('Bobbee', 'Blundon', 'F', '892-54-1459', '1997-01-23', 'bblundonm@mozilla.org'),
('Bartolemo', 'Ricci', 'M', '397-50-8088', '1998-03-09', 'briccin@meetup.com'),
('Astrid', 'Douglas', 'F', '599-84-3227', '1972-11-26', 'adouglaso@trellian.com'),
('Monte', 'Brodeau', 'M', '723-61-7364', '1983-02-23', 'mbrodeaup@unicef.org'),
('Bambie', 'Turfes', 'F', '129-73-5104', '1999-01-07', 'bturfesq@adobe.com'),
('Haze', 'Rubie', 'M', '227-82-4882', '2001-01-21', 'hrubier@posterous.com'),
('Bartholomeus', 'Horribine', 'M', '284-65-7805', '1994-07-14', 'bhorribines@example.com'),
('Saunders', 'Eltone', 'M', '807-34-7218', '1988-03-28', 'seltonet@angelfire.com'),
('Clywd', 'Colgrave', 'M', '413-25-4832', '1994-08-20', 'ccolgraveu@google.pl'),
('Norah', 'Skippen', 'F', '167-27-7683', '1970-03-05', 'nskippenv@smh.com.au'),
('Chev', 'Durram', 'M', '380-02-4402', '1980-05-09', 'cdurramw@nih.gov'),
('Olwen', 'Paffitt', 'F', '593-39-7659', '1989-03-28', 'opaffittx@parallels.com'),
('Goldy', 'Sears', 'F', '851-38-8298', '1983-05-11', 'gsearsy@amazon.com'),
('Agustin', 'Hounsome', 'M', '103-54-0529', '1970-06-02', 'ahounsomez@miibeian.gov.cn'),
('Maxy', 'Hawkslee', 'M', '410-14-6521', '1987-11-17', 'mhawkslee10@jiathis.com'),
('Ebba', 'Gerb', 'F', '596-18-0589', '1971-07-24', 'egerb11@1und1.de'),
('Davie', 'McCaffery', 'M', '408-20-9116', '1988-08-26', 'dmccaffery12@samsung.com'),
('Barth', 'Toland', 'M', '807-70-4339', '1999-02-14', 'btoland13@nifty.com'),
('Gerrard', 'Van der Velde', 'M', '364-27-7792', '1985-04-01', 'gvandervelde14@paypal.com'),
('Ivie', 'Depka', 'F', '282-47-2488', '1991-01-04', 'idepka15@tripadvisor.com'),
('Angela', 'Axon', 'F', '231-69-0538', '1972-07-18', 'aaxon16@oakley.com'),
('Milzie', 'Simkovich', 'F', '573-23-0240', '1993-04-27', 'msimkovich17@altervista.org'),
('Aldwin', 'McLugish', 'M', '524-94-5523', '1993-06-14', 'amclugish18@delicious.com'),
('Norrie', 'Frier', 'F', '763-21-4477', '1974-08-29', 'nfrier19@moonfruit.com'),
('Denney', 'Barthelemy', 'M', '727-08-3434', '1982-12-18', 'dbarthelemy1a@tiny.cc'),
('Stacee', 'Skate', 'M', '515-08-3034', '1977-05-26', 'sskate1b@businessinsider.com'),
('Michaella', 'Laugharne', 'F', '381-22-1643', '1973-07-03', 'mlaugharne1c@ocn.ne.jp'),
('Fernanda', 'Hazell', 'F', '180-17-0327', '1986-08-07', 'fhazell1d@istockphoto.com'),
('Jameson', 'Treen', 'M', '576-18-0656', '1973-11-08', 'jtreen1e@wikimedia.org'),
('Ola', 'Tulloch', 'F', '108-66-0122', '1991-05-07', 'otulloch1f@example.com'),
('Shawn', 'Forrest', 'M', '521-18-7220', '1986-01-28', 'sforrest1g@odnoklassniki.ru'),
('Myrilla', 'Bovis', 'F', '655-04-2451', '1995-07-12', 'mbovis1h@a8.net'),
('Uta', 'Scragg', 'F', '272-05-6513', '1988-02-21', 'uscragg1i@usatoday.com'),
('Gearard', 'Tomaselli', 'M', '339-13-9993', '1981-04-04', 'gtomaselli1j@ibm.com'),
('Shay', 'Winter', 'M', '248-71-7009', '1974-07-12', 'swinter1k@census.gov'),
('Mureil', 'Sterzaker', 'F', '525-36-8271', '1985-01-21', 'msterzaker1l@guardian.co.uk'),
('Langston', 'Moss', 'M', '283-67-8684', '1977-01-26', 'lmoss1m@squarespace.com'),
('Vincenz', 'Tomsa', 'M', '600-66-1819', '1973-10-07', 'vtomsa1n@amazonaws.com'),
('Joseito', 'Tarply', 'M', '773-93-9690', '2000-12-22', 'jtarply1o@macromedia.com'),
('Bobbie', 'Dorrity', 'M', '777-89-6382', '1982-11-27', 'bdorrity1p@technorati.com'),
('Mateo', 'Rolley', 'M', '247-23-6384', '2002-02-08', 'mrolley1q@earthlink.net'),
('Sigismundo', 'Sharphurst', 'M', '453-97-1805', '1971-05-23', 'ssharphurst1r@ebay.com'),
('Claudelle', 'Ferns', 'F', '509-05-3328', '1993-08-01', 'cferns1s@blogtalkradio.com'),
('Brice', 'Braney', 'M', '462-47-6436', '1983-08-12', 'bbraney1t@reuters.com'),
('Vasily', 'Elcome', 'M', '483-67-5400', '1990-09-04', 'velcome1u@slideshare.net'),
('Tadeo', 'Frandsen', 'M', '372-51-9424', '1983-01-13', 'tfrandsen1v@webnode.com'),
('Joshuah', 'Greatreax', 'M', '262-29-3388', '1992-09-07', 'jgreatreax1w@umn.edu'),
('Rosie', 'Mauvin', 'F', '296-69-9123', '1978-07-25', 'rmauvin1x@state.tx.us'),
('Zabrina', 'Hutley', 'F', '324-18-3220', '1984-07-31', 'zhutley1y@shutterfly.com'),
('Stefano', 'Jasiak', 'M', '253-07-3554', '1974-03-19', 'sjasiak1z@huffingtonpost.com'),
('Yehudi', 'Bithany', 'M', '606-30-8000', '1983-12-11', 'ybithany20@vistaprint.com'),
('Lotte', 'Hufton', 'F', '674-98-1753', '1975-05-10', 'lhufton21@studiopress.com'),
('Chane', 'Hartwell', 'M', '800-05-6416', '1996-04-13', 'chartwell22@cargocollective.com'),
('Ilise', 'Tripcony', 'F', '418-22-2423', '1979-03-30', 'itripcony23@who.int'),
('Danyette', 'Kovacs', 'F', '128-15-6982', '1996-04-01', 'dkovacs24@bluehost.com'),
('Miquela', 'Wathen', 'F', '792-37-2690', '1988-08-11', 'mwathen25@pcworld.com'),
('Gregorio', 'Greatbatch', 'M', '194-05-9021', '1991-08-27', 'ggreatbatch26@about.me'),
('Jorgan', 'Pidgeley', 'M', '371-73-7537', '1971-02-10', 'jpidgeley27@mozilla.org'),
('Nike', 'De Blase', 'F', '285-67-5760', '1975-05-04', 'ndeblase28@last.fm'),
('Kameko', 'Hackin', 'F', '144-92-6967', '1977-01-20', 'khackin29@telegraph.co.uk'),
('Herold', 'Plewes', 'M', '828-16-1911', '1972-09-04', 'hplewes2a@mail.ru'),
('Roseanne', 'Funcheon', 'F', '699-49-4845', '1990-08-12', 'rfuncheon2b@over-blog.com'),
('Pearce', 'Geertje', 'M', '122-04-6991', '1976-05-15', 'pgeertje2c@stanford.edu'),
('Wilden', 'Wildbore', 'M', '727-13-6684', '1973-02-08', 'wwildbore2d@stanford.edu'),
('Sorcha', 'Denning', 'F', '186-66-1091', '1999-01-13', 'sdenning2e@google.de'),
('Denise', 'Simpkins', 'F', '890-42-3063', '1991-04-14', 'dsimpkins2f@ft.com'),
('Geno', 'Robertot', 'M', '828-13-3481', '1988-02-10', 'grobertot2g@reuters.com'),
('Haleigh', 'Gwilt', 'F', '470-99-4478', '1973-06-05', 'hgwilt2h@topsy.com'),
('Boycie', 'Macbeth', 'M', '574-19-2261', '1982-05-26', 'bmacbeth2i@mtv.com'),
('Claudianus', 'Reddick', 'M', '366-68-2483', '1995-09-25', 'creddick2j@comsenz.com'),
('Diana', 'McMurraya', 'F', '268-45-5999', '1982-06-01', 'dmcmurraya2k@cargocollective.com'),
('Morly', 'Wohler', 'M', '362-23-6581', '1993-02-12', 'mwohler2l@over-blog.com'),
('Man', 'Almeida', 'M', '684-11-8003', '1996-08-08', 'malmeida2m@list-manage.com'),
('Felipa', 'Brawn', 'F', '578-57-0561', '1974-09-24', 'fbrawn2n@yelp.com'),
('Jamill', 'Hatchman', 'M', '533-67-3791', '1983-01-01', 'jhatchman2o@eventbrite.com'),
('Joelynn', 'Siaskowski', 'F', '613-12-7992', '1982-09-07', 'jsiaskowski2p@webs.com'),
('Helyn', 'Ollier', 'F', '817-83-4419', '1998-12-28', 'hollier2q@diigo.com'),
('Ben', 'Dover', 'M', '627-49-4853', '1995-11-06', 'bendover@gmail.com');

INSERT INTO insurance.agent (first_name, last_name, user_name, password, email)
VALUES
('Kelly', 'Smith', 'kelly_smith', 'T2187h0Lh', 'kellysmith@insuranceabc.com'),
('Isaac', 'Clark', 'deadspace2', 'B3689*dnO9', 'isaacclark@insuranceabc.com'),
('John', 'Dore', 'johndoree2', 'DoreCcZY', 'dridoutt2@insuranceabc.com'),
('Mendel', 'Sellens', 'msellens3', 'W1387Cm4', 'msellens3@insuranceabc.com'),
('Grata', 'Ceschi', 'gceschi4', 'A2376wQZbBx41*', 'gceschi4@insuranceabc.com'),
('Shirl', 'Goolding', 'sgoolding5', 'O3089pbXIhjFU', 'sgoolding5@insuranceabc.com'),
('Jordanna', 'Surgood', 'jsurgood6', 'W39204wi', 'jsurgood6@insuranceabc.com'),
('Ryan', 'Kimbrey', 'rkimbrey7', 'RK345isu', 'rkimbrey7@insuranceabc.com'),
('James', 'Suderland', 'suderland23', 'JamesWork23', 'jsuderlandsh@insuranceabc.com'),
('Robert', 'Spyby', 'rspyby66', 'Theboss66', 'bob666@insuranceabc.com');

INSERT INTO insurance.directory (agent_id, customer_id, phone_number, primary_phone) 
VALUES 
(1, NULL, '455-147-8961', 0),
(2, NULL, '669-552-3021', 1),
(3, NULL, '449-635-9437', 0),
(4, NULL, '377-282-5336', 1),
(5, NULL, '388-130-8120', 1),
(6, NULL, '203-462-9077', 1),
(1, NULL, '455-867-5093', 1),
(6, NULL, '203-223-9394', 0),
(9, NULL, '805-464-9770', 1),
(7, NULL, '535-211-8954', 1),
(8, NULL, '123-313-7887', 1),
(10, NULL, '733-733-2350', 1),
(NULL, 1, '398-642-6570', 1),
(NULL, 2, '770-215-5220', 1),
(NULL, 3, '806-442-7369', 1),
(NULL, 4, '926-328-5122', 1),
(NULL, 5, '677-852-6249', 1),
(NULL, 6, '173-499-2851', 1),
(NULL, 7, '332-394-0578', 1),
(NULL, 8, '405-665-4163', 1),
(NULL, 9, '902-693-4861', 1),
(NULL, 10, '809-717-4387', 1),
(NULL, 11, '134-584-6958', 0),
(NULL, 12, '237-902-0010', 1),
(NULL, 13, '408-477-2426', 1),
(NULL, 4, '926-594-9906', 0),
(NULL, 14, '829-835-3198', 1),
(NULL, 15, '347-294-2172', 1),
(NULL, 16, '112-996-4762', 1),
(NULL, 17, '254-692-5728', 1),
(NULL, 18, '996-345-1589', 1),
(NULL, 19, '562-386-3826', 1),
(NULL, 20, '917-306-0189', 1),
(NULL, 13, '408-418-2435', 1),
(NULL, 14, '664-781-9503', 1),
(NULL, 15, '106-460-9732', 1),
(NULL, 16, '866-678-3451', 1),
(NULL, 17, '908-759-4432', 1),
(NULL, 18, '596-458-5382', 1),
(NULL, 19, '643-923-8520', 1),
(NULL, 20, '421-874-0484', 0),
(NULL, 21, '922-992-1911', 1),
(NULL, 22, '468-738-7415', 1),
(NULL, 23, '196-529-2429', 1),
(NULL, 24, '415-178-0413', 1),
(NULL, 22, '675-459-3546', 0),
(NULL, 25, '661-817-4091', 1),
(NULL, 26, '948-713-8331', 1),
(NULL, 27, '211-858-0712', 1),
(NULL, 28, '859-950-3186', 1),
(NULL, 29, '597-610-6493', 1),
(NULL, 30, '639-310-5034', 0),
(NULL, 31, '202-320-4247', 1),
(NULL, 32, '233-223-7267', 1),
(NULL, 33, '641-448-4381', 1),
(NULL, 34, '546-767-3386', 1),
(NULL, 35, '424-676-6290', 1),
(NULL, 36, '976-356-7274', 1),
(NULL, 37, '428-648-6115', 1),
(NULL, 38, '821-295-5940', 1),
(NULL, 39, '504-458-5013', 1),
(NULL, 40, '708-537-6597', 1),
(NULL, 41, '724-843-0302', 1),
(NULL, 42, '527-391-3430', 1),
(NULL, 43, '509-371-0084', 1),
(NULL, 44, '265-341-6733', 1),
(NULL, 45, '477-480-6710', 1),
(NULL, 46, '437-547-9642', 1),
(NULL, 42, '899-768-0910', 0),
(NULL, 47, '342-828-9626', 1),
(NULL, 48, '850-836-3293', 1),
(NULL, 49, '754-442-2934', 1),
(NULL, 50, '184-610-2330', 1),
(NULL, 51, '568-870-2008', 1),
(NULL, 52, '912-747-1659', 0),
(NULL, 53, '325-382-7412', 1),
(NULL, 54, '884-362-5218', 1),
(NULL, 55, '449-291-9194', 1),
(NULL, 53, '106-847-3129', 1),
(NULL, 56, '672-561-5146', 1),
(NULL, 56, '333-103-9860', 1),
(NULL, 57, '904-651-7446', 1),
(NULL, 58, '926-332-5467', 1),
(NULL, 59, '946-103-5843', 1),
(NULL, 60, '742-397-1362', 1),
(NULL, 61, '113-815-8144', 1),
(NULL, 62, '964-191-6676', 1),
(NULL, 63, '204-969-0530', 1),
(NULL, 64, '460-620-2108', 1),
(NULL, 65, '168-387-2087', 1),
(NULL, 66, '370-178-7754', 1),
(NULL, 67, '208-768-4833', 1),
(NULL, 68, '948-452-6405', 1),
(NULL, 69, '487-340-0507', 1),
(NULL, 70, '588-386-0639', 1),
(NULL, 69, '529-764-2751', 0),
(NULL, 71, '444-899-7425', 1),
(NULL, 72, '571-124-9090', 1),
(NULL, 68, '834-529-3491', 0),
(NULL, 66, '964-141-3753', 0),
(NULL, 52, '109-985-6466', 1),
(NULL, 73, '350-627-0868', 1),
(9, NULL, '534-492-3103', 0),
(NULL, 60, '594-955-7251', 0),
(NULL, 74, '871-997-0171', 1),
(NULL, 75, '342-293-2524', 1),
(NULL, 76, '426-380-3901', 1),
(NULL, 77, '724-308-3879', 1),
(NULL, 78, '999-224-6764', 1),
(NULL, 79, '373-461-8591', 1),
(NULL, 80, '371-605-5410', 1),
(NULL, 81, '834-888-7873', 1),
(NULL, 22, '281-502-3140', 0),
(NULL, 83, '434-868-0310', 1),
(NULL, 82, '635-196-7259', 1),
(NULL, 90, '327-468-5359', 0),
(NULL, 83, '987-240-8034', 0),
(NULL, 91, '237-977-1893', 1),
(NULL, 84, '914-930-1887', 1),
(NULL, 85, '111-976-9478', 1),
(NULL, 86, '440-334-6046', 1),
(NULL, 87, '751-217-9625', 1),
(NULL, 88, '195-234-5772', 1),
(NULL, 89, '390-317-7467', 1),
(NULL, 90, '317-434-7498', 1),
(NULL, 100, '216-453-4301', 0),
(NULL, 92, '662-332-9482', 1),
(NULL, 93, '500-474-7844', 1),
(NULL, 94, '438-521-2106', 1),
(2, NULL, '702-117-6638', 0),
(8, NULL, '715-556-3356', 0),
(1, NULL, '353-375-8912', 0),
(3, NULL, '733-193-9265', 1),
(NULL, 95, '238-552-4922', 1),
(NULL, 96, '238-544-4944', 1),
(NULL, 97, '238-556-4927', 1),
(NULL, 98, '238-665-6677', 1),
(NULL, 99, '238-767-5422', 1),
(NULL, 100, '238-525-7622', 1),
(NULL, 33, '238-353-4562', 0),
(NULL, 51, '238-595-4672', 0),
(NULL, 44, '238-131-4232', 0),
(NULL, 99, '238-139-4522', 0),
(NULL, 11, '238-565-8976', 1),
(NULL, 2, '238-555-4567', 0),
(NULL, 27, '238-462-3211', 0),
(NULL, 30, '238-572-4822', 1),
(NULL, 87, '238-212-4722', 0),
(NULL, 7, '238-323-4932', 0),
(NULL, 5, '238-545-4999', 0);

INSERT INTO insurance.property (customer_id, fmv, property_type, improvements, details) 
VALUES 
(4, 170000.00, 'Residential', 20000.00, 'Family Residence'),
(9, 300000.00, 'Residential', 0.00, 'Family Residence'),
(3, 250000.00, 'Residential', 0.00, 'Family Residence'),
(1, 110000.00, 'Residential', 20000.00, 'Family Residence'),
(5, 100000.00, 'Residential', 15000.00, 'Family Residence'),
(6, 750000.00, 'Residential', 0.00, 'Family Residence'),
(7, 550000.00, 'Residential', 0.00, 'Family Residence'),
(8, 600000.00, 'Residential', 0.00, 'Family Residence'),
(2, 750000.00, 'Residential', 0.00, 'Family Residence'),
(10, 205000.00, 'Residential', 0.00, 'Family Residence'),
(11, 150000.00, 'Residential', 40000.00, 'Family Residence'),
(12, 300000.00, 'Residential', 0.00, 'Family Residence'),
(12, 800000.00, 'Commercial', 50000.00, 'Retail: Office'),
(14, 1000000.00, 'Residential', 0.00, 'Family Residence'),
(15, 375000.00, 'Residential', 0.00, 'Family Residence'),
(22, 250000.00, 'Residential', 0.00, 'Family Residence'),
(17, 180000.00, 'Residential', 0.00, 'Family Residence'),
(13, 140000.00, 'Residential', 0.00, 'Apartment'),
(18, 200000.00, 'Residential', 0.00, 'Apartment'),
(19, 160000.00, 'Residential', 0.00, 'Apartment'),
(20, 120000.00, 'Residential', 8000.00, 'Apartment'),
(21, 270000.00, 'Residential', 0.00, 'Apartment'),
(16, 180000.00, 'Residential', 0.00, 'Apartment'),
(23, 300000.00, 'Residential', 0.00, 'Apartment'),
(23, 450000.00, 'Residential', 15000.00, 'Vacation Property: Beach House'),
(25, 350000.00, 'Residential', 0.00, 'Apartment'),
(27, 105000.00, 'Residential', 0.00, 'Apartment'),
(28, 120000.00, 'Residential', 0.00, 'Apartment'),
(2, 700000.00, 'Residential', 0.00, 'Vacation Property: Lake House'),
(30, 290000.00, 'Residential', 0.00, 'Apartment'),
(31, 190000.00, 'Residential', 0.00, 'Apartment'),
(32, 230000.00, 'Residential', 0.00, 'Apartment'),
(33, 180000.00, 'Residential', 0.00, 'Apartment'),
(34, 150000.00, 'Residential', 10000.00, 'Apartment'),
(35, 130000.00, 'Residential', 30000.00, 'Apartment'),
(36, 150000.00, 'Residential', 0.00, 'Apartment'),
(37, 160000.00, 'Residential', 0.00, 'Apartment'),
(38, 150000.00, 'Residential', 20000.00, 'Apartment'),
(14, 250000.00, 'Residential', 0.00, 'Vacation Property: Beach House'),
(40, 370000.00, 'Residential', 0.00, 'Vacation Property: Beach House'),
(41, 155000.00, 'Residential', 0.00, 'Apartment'),
(24, 140000.00, 'Residential', 0.00, 'Apartment'),
(29, 150000.00, 'Residential', 0.00, 'Apartment'),
(40, 230000.00, 'Commercial', 0.00, 'Retail: Department Store'),
(39, 235000.00, 'Commercial', 0.00, 'Retail: Department Store'),
(41, 480000.00, 'Commercial', 0.00, 'Retail: Department Store'),
(42, 230000.00, 'Commercial', 5000.00, 'Retail: Department Store'),
(43, 250000.00, 'Commercial', 0.00, 'Retail: Department Store'),
(44, 230000.00, 'Commercial', 0.00, 'Retail: Department Store'),
(45, 330000.00, 'Commercial', 5000.00, 'Retail: Department Store'),
(46, 330000.00, 'Commercial', 0.00, 'Retail: Department Store'),
(47, 430000.00, 'Commercial', 0.00, 'Retail: Department Store'),
(48, 230000.00, 'Commercial', 0.00, 'Retail: Department Store'),
(49, 280000.00, 'Commercial', 0.00, 'Retail: Department Store'),
(50, 180000.00, 'Commercial', 0.00, 'Retail: Department Store'),
(40, 250000.00, 'Residential', 0.00, 'Family Residence'),
(51, 220000.00, 'Residential', 0.00, 'Family Residence'),
(52, 150000.00, 'Residential', 0.00, 'Family Residence'),
(54, 280000.00, 'Residential', 0.00, 'Family Residence'),
(55, 250000.00, 'Residential', 0.00, 'Family Residence'),
(53, 240000.00, 'Residential', 0.00, 'Family Residence'),
(56, 250000.00, 'Residential', 7000.00, 'Family Residence'),
(57, 270000.00, 'Residential', 0.00, 'Family Residence'),
(58, 255000.00, 'Residential', 0.00, 'Family Residence'),
(60, 295000.00, 'Residential', 5000.00, 'Family Residence'),
(59, 350000.00, 'Residential', 0.00, 'Family Residence'),
(61, 250000.00, 'Residential', 0.00, 'Family Residence'),
(62, 225000.00, 'Residential', 0.00, 'Family Residence'),
(63, 550000.00, 'Residential', 0.00, 'Family Residence'),
(64, 1200000.00, 'Residential', 0.00, 'Vacation Property: Lake House'),
(69, 355000, 'Residential', 0.00, 'Family Residence'),
(65, 255000, 'Residential', 0.00, 'Family Residence'),
(66, 230000, 'Residential', 5000.00, 'Family Residence'),
(68, 400000, 'Residential', 0.00, 'Family Residence'),
(67, 255000, 'Residential', 0.00, 'Family Residence'),
(70, 290000, 'Residential', 0.00, 'Family Residence'),
(81, 155000, 'Commercial', 0.00, 'Family Residence'),
(89, 255000, 'Commercial', 0.00, 'Family Residence'),
(88, 255000, 'Commercial', 0.00, 'Family Residence'),
(87, 370000, 'Commercial', 0.00, 'Family Residence'),
(86, 355000, 'Commercial', 12000.00, 'Family Residence'),
(85, 255000, 'Commercial', 0.00, 'Family Residence'),
(84, 155000, 'Commercial', 0.00, 'Retail: Restaurant'),
(80, 250000, 'Commercial', 0.00, 'Retail: Restaurant'),
(83, 255000, 'Commercial', 0.00, 'Retail: Restaurant'),
(82, 355000, 'Commercial', 0.00, 'Retail: Restaurant'),
(100, 355000, 'Commercial', 0.00, 'Retail: Restaurant'),
(71, 250000, 'Commercial', 0.00, 'Retail: Restaurant'),
(73, 255000, 'Commercial', 0.00, 'Retail: Restaurant'),
(82, 355000, 'Commercial', 0.00, 'Retail: Restaurant'),
(72, 240000, 'Commercial', 0.00, 'Retail: Restaurant'),
(27, 255000, 'Commercial', 10000.00, 'Retail: Office'),
(1, 335000, 'Commercial', 0.00, 'Retail: Office'),
(99, 255000, 'Commercial', 0.00, 'Retail: Restaurant'),
(79, 255000, 'Commercial', 0.00, 'Retail: Office'),
(77, 240000, 'Commercial', 0.00, 'Retail: Office'),
(76, 155000, 'Commercial', 0.00, 'Retail: Office'),
(78, 230000, 'Commercial', 0.00, 'Retail: Office'),
(75, 355000, 'Commercial', 0.00, 'Retail: Office'),
(74, 125000, 'Residential', 25000.00, 'Family Residence'),
(64, 305000, 'Commercial', 0.00, 'Retail: Mall'),
(11, 325000, 'Commercial', 0.00, 'Retail: Restaurant'),
(21, 330000, 'Commercial', 0.00, 'Retail: Office'),
(36, 305000, 'Industrial', 0.00, 'Warehouse: Electronics'),
(70, 250000, 'Commercial', 0.00, 'Retail: Grocery Store'),
(45, 305000, 'Commercial', 0.00, 'Retail: Hotel'),
(48, 270000, 'Industrial', 0.00, 'Light Manufactoring: Clothing'),
(51, 305000, 'Commercial', 0.00, 'Retail: Restaurant'),
(18, 305000, 'Commercial', 0.00, 'Retail: Restaurant'),
(23, 305000, 'Commercial', 0.00, 'Retail: Restaurant'),
(88, 300000, 'Industrial', 0.00, 'Warehouse: Construction Materials)'),
(4, 305000, 'Commercial', 0.00, 'Retail: Department Store'),
(9, 180000, 'Commercial', 0.00, 'Retail: Department Store'),
(35, 170000, 'Commercial', 0.00, 'Retail: Department Store'),
(62, 305000, 'Commercial', 0.00, 'Retail: Restaurant'),
(58, 305000, 'Commercial', 0.00, 'Retail: Restaurant'),
(66, 20000000, 'Industrial', 0.00, 'Distribution Facility: Food'),
(69, 385000, 'Commercial', 0.00, 'Retail: Department Store'),
(26, 255000, 'Commercial', 0.00, 'Retail: Department Store'),
(99, 2185000, 'Industrial', 0.00, 'Light Manufactoring: Food Packaging'),
(82, 185000, 'Commercial', 0.00, 'Retail: Restaurant'),
(37, 4000000, 'Commercial', 0.00, 'Retail: Drug Store'),
(49, 145000, 'Commercial', 0.00, 'Retail: Restaurant'),
(6, 4450000, 'Industrial', 200000.00, 'Heavy Manufacturing: Steel Factory'),
(17, 165000, 'Commercial', 0.00, 'Retail: Restaurant'),
(13, 8250000, 'Commercial', 500000.00, 'Retail: Gas Station'),
(5, 290000, 'Commercial', 0.00, 'Retail: Restaurant'),
(4, 305000, 'Commercial', 15000.00, 'Retail: Restaurant'),
(1, 185000, 'Commercial', 0.00, 'Retail: Office'),
(3, 385000, 'Commercial', 0.00, 'Retail: Hardware Store'),
(15, 185000, 'Commercial', 0.00, 'Retail: Office'),
(16, 185000, 'Commercial', 0.00, 'Retail: Office'),
(23, 1185000, 'Commercial', 100000.00, 'Retail: Grocery Store'),
(22, 185000, 'Commercial', 0.00, 'Retail: Office'),
(19, 350000, 'Commercial', 0.00, 'Retail: Office'),
(91, 185000, 'Commercial', 0.00, 'Retail: Office'),
(92, 560000, 'Commercial', 0.00, 'Retail: Office'),
(28, 190000, 'Commercial', 0.00, 'Retail: Office'),
(42, 185000, 'Commercial', 0.00, 'Retail: Hotel'),
(77, 1200000, 'Commercial', 50000.00, 'Retail: Sport Center'),
(74, 935000, 'Commercial', 0.00, 'Retail: Grocery Store'),
(84, 165000, 'Commercial', 0.00, 'Retail: Restaurant'),
(86, 185000, 'Commercial', 0.00, 'Retail: Restaurant'),
(14, 8000000, 'Industrial', 500000.00, 'Heavy Manufactoring: Factory'),
(94, 3500000, 'Commercial', 70000.00, 'Retail: Supermarket'),
(9, 300000, 'Commercial', 0.00, 'Retail: Department Store'),
(1, 185000, 'Commercial', 0.00, 'Retail: Restaurant'),
(57, 235000, 'Commercial', 0.00, 'Retail: Restaurant'),
(40, 180000, 'Commercial', 10000.00, 'Retail: Flower Shop'),
(23, 240000, 'Commercial', 0.00, 'Retail: Restaurant');

INSERT INTO insurance.vehicle (customer_id, make, model, year, plate, color, doors, milage)
VALUES
(3, 'Mazda', 'B-Series', 2011, 'KNA1541', 'Red', 3, 56175),
(1, 'Acura', 'RL', 2022, 'KMH1388', 'Blue', 3, 5077),
(4, 'BMW', 'M Roadster', 2007, 'WAK2381', 'Black', 5, 93078),
(5, 'Land Rover', 'Sterling', 1991, 'HKX7619', 'Brown', 5, 95702),
(6, 'Chevrolet', 'Malibu', 2002, 'MJK0236', 'Blue', 5, 54728),
(7, 'Toyota', 'Camry', 2009, 'GCF5914', 'Blue', 5, 66479),
(10, 'Chevrolet', 'Express', 2012, 'GWY5229', 'Silver', 5, 13221),
(9, 'BMW', 'M3', 2006, 'FFL3576', 'Gray', 3, 50196),
(8, 'Mazda', 'Miata MX-5', 2012, 'NJF5537', 'Orange', 5, 8699),
(29, 'Toyota', 'Celica', 1997, 'JEH8660', 'Gray', 5, 80615),
(11, 'Volkswagen', 'New Beetle', 2001, 'ALY0688', 'Pink', 5, 29959),
(12, 'Buick', 'Skyhawk', 1986, 'LBG3475', 'White', 5, 140458),
(12, 'Dodge', 'Magnum', 2008, 'LCG2930', 'Orange', 5, 75085),
(14, 'MINI', 'Cooper', 2008, 'XLA5255', 'Blue', 5, 18549),
(15, 'Nissan', 'Pathfinder', 2005, 'CD47355', 'Blue', 5, 23979),
(22, 'Mitsubishi', 'Starion', 1986, 'JHD9447', 'Gray', 5, 58388),
(17, 'Chevrolet', 'Lumina APV', 1992, 'VBH5933', 'Blue', 5, 75374),
(13, 'Kia', 'Sportage', 2006, 'WEV2791', 'Silver', 5, 5345),
(18, 'Hyundai', 'Tucson', 2011, 'WAU4560', 'Green', 3, 94483),
(19, 'Mitsubishi', 'Tundra', 2009, 'WVG7283', 'White', 4, 12975),
(20, 'GMC', '1500', 1995, 'WAU3125', 'White', 5, 11952),
(21, 'Dodge', 'Ram Van 1500', 1999, 'WEX9238', 'White', 5, 59430),
(16, 'Mitsubishi', 'Eclipse', 1996, 'SEM1412', 'Green', 5, 71495),
(23, 'Pontiac', 'Gemini', 1986, 'KNA7675', 'Gray', 5, 74960),
(23, 'BMW', 'X6', 2009, 'GEX8181', 'Silver', 5, 95619),
(25, 'Land Rover', 'Discovery Series II', 2002, 'TNT4863', 'Green', 5, 66429),
(27, 'Ford', 'F350', 2009, 'FCF3674', 'White', 5, 82195),
(28, 'Honda', 'CR-V', 2005, 'WBA3472', 'Gray', 5, 32501),
(31, 'Pontiac', 'Montana', 2001, 'HEY0897', 'White', 5, 60771),
(32, 'Toyota', '4Runner', 2002, 'XXC9647', 'Gray', 5, 5624),
(33, 'Mitsubishi', 'Lancer', 2004, 'GKD8573', 'Blue', 5, 49210),
(34, 'GMC', 'Vandura 1500', 1994, 'BYE3128', 'Blue', 5, 55431),
(35, 'Mitsubishi', '3000GT', 1997, 'JFK3214', 'Green', 5, 59580),
(36, 'Ford', 'Th!nk', 2001, 'WBV4410', 'Gray', 5, 2974),
(37, 'Mazda', 'MX-5', 2004, 'MDK5073', 'Blue', 3, 18236),
(38, 'Ford', 'Fiesta', 2012, 'KAC6624', 'Black', 5, 20483),
(14, 'Pontiac', 'Montana', 2004, 'MCD1724', 'Silver', 5, 89616),
(40, 'Isuzu', 'Rodeo', 1999, 'LCG4290', 'White', 5, 26658),
(41, 'Chevrolet', 'G-Series G20', 1994, 'GVD8071', 'White', 5, 60858),
(24, 'Volvo', 'V70', 2000, 'AEN3294', 'Orange', 5, 48839),
(29, 'Maybach', '62', 2003, 'AFA2489', 'Brown', 5, 45113),
(40, 'BMW', '1 Series', 2012, 'CNN4920', 'Black', 5, 34482),
(39, 'Lexus', 'LX', 2009, 'KFK1887', 'White', 5, 90474),
(41, 'Mercury', 'Mountaineer', 2005, 'MAC7339', 'Blue', 5, 43129),
(42, 'Saab', '9000', 1987, 'VUF5808', 'Red', 5, 5576),
(43, 'Chevrolet', 'Suburban 2500', 2008, 'TAE6050', 'Orange', 5, 12678),
(44, 'Chevrolet', 'Silverado 3500', 2003, 'TWA9339', 'White', 5, 65274),
(45, 'Ford', 'F350', 1996, 'CFG6927', 'Gray', 5, 73782),
(46, 'Ford', 'Laser', 1986, 'KAF9279', 'White', 5, 58004),
(47, 'Mercedes-Benz', 'S-Class', 2010, 'ALF7660', 'White', 5, 5449),
(48, 'Audi', 'TT', 2012, 'YCD7156', 'Red', 5, 55199),
(49, 'Acura', 'NSX', 2000, 'HXG2209', 'Blue', 5, 49542),
(50, 'Honda', 'Civic', 1988, 'FEJ2443', 'Silver', 5, 85487),
(40, 'Toyota', 'Venza', 2009, 'WPS3771', 'Silver', 5, 53342),
(51, 'Acura', 'MDX', 2009, 'JTH7063', 'Silver', 5, 45274),
(52, 'Mazda', 'MX-5', 1992, 'KBA6761', 'Gray', 5, 36620),
(54, 'Audi', 'A6', 2002, 'RFB9416', 'Gray', 5, 90993),
(55, 'Mazda', 'Protege', 1996, 'MDE7360', 'Blue', 5, 96141),
(53, 'Infiniti', 'M', 2009, 'KBF6365', 'Silver', 5, 61198),
(56, 'Kia', 'Sportage', 1996, 'TBD2159', 'Black', 5, 35050),
(57, 'Nissan', 'Armada', 2010, 'WBA9581', 'Gray', 5, 43898),
(58, 'Chrysler', 'Town & Country', 2011, 'XFG0992', 'Gray', 5, 18891),
(60, 'Ford', 'Expedition EL', 2008, 'AUN1456', 'Blue', 5, 19672),
(59, 'Chevrolet', 'G-Series 1500', 1997, 'DBT3775', 'Gold', 5, 13891),
(61, 'Toyota', 'MR2', 2001, 'VET9534', 'Brown', 5, 47351),
(62, 'Lincoln', 'MKS', 2011, 'GET7527', 'Green', 5, 88721),
(63, 'Mercury', 'Mountaineer', 2003, 'WEY7421', 'Red', 5, 4045),
(64, 'Bugatti', 'Veyron', 2011, 'WBA3515', 'Black', 5, 92942),
(69, 'Acura', 'Vigor', 1992, 'KMH8296', 'White', 3, 64979),
(66, 'Mazda', 'MX-6', 1993, 'VNK3195', 'White', 3, 44936),
(66, 'Audi', 'S4', 2012, 'VH11453', 'Gray', 5, 58336),
(68, 'Pontiac', 'Grand Prix', 1998, 'VWA4079', 'Silver', 5, 94078),
(67, 'Honda', 'Prelude', 1986, 'XOX5684', 'Blue', 5, 60502),
(70, 'Land Rover', 'Freelander', 2010, 'XXG2667', 'Blue', 5, 98196),
(81, 'Dodge', 'Caravan', 2004, 'WAU2903', 'Orange', 3, 77656),
(89, 'Mercedes-Benz', 'GLK-Class', 2010, 'EX66033', 'Red', 5, 58879),
(88, 'Mercury', 'Tracer', 1998, 'KUK2727', 'Silver', 5, 65792),
(87, 'Dodge', 'Stealth', 1996, 'GFB1163', 'Gray', 5, 79609),
(86, 'Subaru', 'XT', 1987, 'FTE8448', 'Red', 5, 72718),
(85, 'Volkswagen', 'Corrado', 1994, 'PEK2173', 'Black', 5, 69071),
(84, 'Cadillac', 'Seville', 1998, 'JNZ2490', 'Blue', 5, 34646),
(80, 'Mercury', 'Capri', 1994, 'KBC3707', 'Blue', 5, 37192),
(83, 'BMW', '7 Series', 1997, 'GCF3664', 'White', 5, 64145),
(82, 'Toyota', 'Sienna', 2002, 'MZF9608', 'Silver', 5, 8886),
(100, 'Mitsubishi', 'RVR', 1993, 'UXV9940', 'Gray', 5, 18397),
(65, 'Hyundai', 'Santa Fe', 2011, 'FAT0468', 'Black', 5, 74625),
(71, 'MINI', 'Clubman', 2011, 'NYZ7986', 'White', 5, 13346),
(73, 'Isuzu', 'VehiCROSS', 2000, 'WOW4118', 'Black', 5, 59009),
(82, 'Honda', 'Element', 2005, 'WAU9084', 'Gray', 5, 25530),
(72, 'Acura', 'SLX', 1996, 'JHS6997', 'Red', 5, 76703),
(27, 'Chevrolet', 'S10', 1997, 'VHZ5429', 'Blue', 5, 38697),
(99, 'GMC', 'Yukon XL 2500', 2009, 'JHC1493', 'Black', 5, 68599),
(79, 'Dodge', 'Nitro', 2010, 'RYD4985', 'Silver', 5, 39448),
(77, 'Mitsubishi', 'GTO', 1994, 'YAF3939', 'Silver', 5, 57742),
(76, 'Buick', 'LeSabre', 1996, 'WBA4280', 'Red', 5, 13371),
(78, 'Chevrolet', 'Tahoe', 2003, 'WAU7885', 'Silver', 5, 75083),
(75, 'Audi', '5000S', 1984, 'KNA3317', 'Silver', 5, 9669),
(74, 'Lamborghini', 'Countach', 1987, 'AG32572', 'Orange', 3, 92901),
(64, 'Buick', 'Regal', 1996, 'GBF3233', 'Black', 5, 83957),
(11, 'Scion', 'xA', 2005, 'LTK3591', 'Red', 5, 92469),
(21, 'Honda', 'Accord', 1987, 'JTH3617', 'Red', 5, 85089),
(36, 'Jaguar', 'XJ Series', 2000, 'AEF9013', 'Green', 3, 56558),
(2, 'Lamborghini', 'Murciélago LP640', 2008, 'TBG4609', 'Blue', 5, 8874),
(45, 'GMC', 'Sierra 2500', 2006, 'CFN5314', 'Green', 5, 50647),
(48, 'Honda', 'CR-Z', 2012, 'GKU0635', 'Blue', 5, 21602),
(51, 'Mitsubishi', 'Mirage', 1984, 'JKB3695', 'Red', 5, 21522),
(18, 'Mitsubishi', 'Truck', 1988, 'GFH8091', 'Blue', 5, 51367),
(23, 'Chevrolet', 'Express 2500', 2004, 'TGL8530', 'Black', 5, 15400),
(88, 'Ford', 'Laser', 1984, 'DBM4262', 'White', 5, 26257),
(35, 'Dodge', 'Stratus', 1995, 'SE20392', 'Green', 5, 44004),
(62, 'Toyota', 'MR2', 1993, 'KYX2858', 'Black', 5, 24782),
(58, 'Oldsmobile', 'LSS', 1998, 'DEY9268', 'Gray', 5, 45214),
(66, 'Suzuki', 'Sidekick', 1998, 'CXA5817', 'Black', 5, 33165),
(69, 'Ford', 'Laser', 1984, 'AE98350', 'White', 5, 95362),
(26, 'Toyota', 'Yaris', 2008, 'TSW5361', 'Blue', 5, 60606),
(12, 'Ford', 'Mustang', 2008, 'GYX4631', 'Silver', 5, 58096),
(82, 'Chevrolet', 'SSR', 2006, 'KBU7670', 'Silver', 5, 345),
(37, 'Lexus', 'SC', 1999, 'AB97169', 'Black', 5, 66544),
(49, 'Chevrolet', 'G-Series G30', 1992, 'AE40809', 'Gray', 5, 99905),
(70, 'Toyota', 'FJ Cruiser', 2007, 'SEC5425', 'Brown', 4, 26260);

INSERT INTO insurance.address (agent_id, property_id, street_address, street_number, city, state, zip_code)
VALUES
(null, 901, 'Merchant', '2176', 'Wichita', 'Kansas', '67230'),
(null, 902, 'Mallard', '8979', 'Reno', 'Nevada', '89510'),
(null, 903, 'Blaine', '68', 'Young America', 'Minnesota', '55551'),
(null, 904, 'Arkansas', '0164', 'Fort Worth', 'Texas', '76198'),
(null, 905, 'Ruskin', '7', 'Portland', 'Oregon', '97296'),
(null, 906, 'Loeprich', '949', 'Denver', 'Colorado', '80279'),
(null, 907, 'Westridge', '683', 'San Francisco', 'California', '94164'),
(null, 908, 'Pawling', '6216', 'Sacramento', 'California', '94291'),
(null, 909, 'Upham', '555', 'Danbury', 'Connecticut', '06816'),
(null, 910, 'Golden Leaf', '205', 'Vero Beach', 'Florida', '32969'),
(null, 911, 'Mockingbird', '8897', 'Dallas', 'Texas', '75367'),
(null, 912, 'Sycamore', '0341', 'Chicago', 'Illinois', '60604'),
(null, 913, 'Stone Corner', '5', 'Salt Lake City', 'Utah', '84115'),
(null, 914, 'Mariners Cove', '7', 'Roanoke', 'Virginia', '24020'),
(null, 915, 'Paget', '1273', 'Sacramento', 'California', '94273'),
(null, 916, 'Fisk', '1418', 'Sacramento', 'California', '95823'),
(null, 917, 'Pennsylvania', '70', 'Honolulu', 'Hawaii', '96810'),
(null, 918, 'Sommers', '3', 'Montgomery', 'Alabama', '36177'),
(null, 919, 'Butterfield', '085', 'Chattanooga', 'Tennessee', '37450'),
(null, 920, 'Killdeer', '8384', 'El Paso', 'Texas', '79928'),
(null, 921, 'Welch', '1737', 'Springfield', 'Illinois', '62794'),
(null, 922, 'Colorado', '7', 'Houston', 'Texas', '77266'),
(null, 923, 'Schmedeman', '2414', 'Pompano Beach', 'Florida', '33064'),
(null, 924, 'Garrison', '7084', 'New Orleans', 'Louisiana', '70149'),
(null, 955, 'Bartelt', '6', 'Decatur', 'Georgia', '30089'),
(null, 926, 'Maywood', '12', 'Billings', 'Montana', '59105'),
(null, 927, 'Little Fleur', '7', 'Birmingham', 'Alabama', '35225'),
(null, 928, 'Colorado', '49', 'Mobile', 'Alabama', '36616'),
(null, 929, 'Maryland', '4', 'Fresno', 'California', '93721'),
(null, 930, 'Elka', '270', 'Pittsburgh', 'Pennsylvania', '15255'),
(null, 931, 'Village Green', '2966', 'Reno', 'Nevada', '89505'),
(null, 932, 'Lyons', '2833', 'Charlotte', 'North Carolina', '28215'),
(null, 933, 'Forster', '70', 'Philadelphia', 'Pennsylvania', '19146'),
(null, 934, 'Gerald', '8188', 'Springfield', 'Missouri', '65898'),
(null, 935, 'Lighthouse Bay', '141', 'Cleveland', 'Ohio', '44191'),
(null, 936, 'Elgar', '7', 'Baton Rouge', 'Louisiana', '70810'),
(null, 937, 'Tennessee', '695', 'Houston', 'Texas', '77040'),
(null, 938, 'Fairview', '63', 'Louisville', 'Kentucky', '40215'),
(null, 939, 'Alpine', '71', 'Las Vegas', 'Nevada', '89160'),
(null, 1015, 'Russell', '83', 'Los Angeles', 'California', '90060'),
(null, 941, 'Riverside', '1824', 'Athens', 'Georgia', '30610'),
(null, 942, 'Fieldstone', '027', 'San Diego', 'California', '92176'),
(null, 943, 'Kennedy', '2985', 'Austin', 'Texas', '78778'),
(null, 944, 'Lighthouse Bay', '61', 'Colorado Springs', 'Colorado', '80935'),
(null, 945, 'Loomis', '9', 'Frankfort', 'Kentucky', '40618'),
(null, 946, 'Autumn Leaf', '278', 'Huntsville', 'Alabama', '35895'),
(null, 947, 'Delladonna', '4', 'Anaheim', 'California', '92805'),
(null, 948, 'Norway Maple', '1570', 'Pasadena', 'California', '91109'),
(null, 949, 'Acker', '107', 'Bronx', 'New York', '10469'),
(null, 950, 'Daystar', '309', 'Kansas City', 'Missouri', '64144'),
(null, 951, 'Brown', '1', 'Philadelphia', 'Pennsylvania', '19184'),
(null, 952, 'Myrtle', '1', 'Concord', 'California', '94522'),
(null, 953, 'Bluejay', '683', 'Lansing', 'Michigan', '48919'),
(null, 954, 'Waubesa', '957', 'Houston', 'Texas', '77080'),
(null, 925, 'Washington', '9', 'Tampa', 'Florida', '33694'),
(null, 956, 'Anhalt', '93', 'Boston', 'Massachusetts', '02163'),
(null, 957, 'Walton', '565', 'El Paso', 'Texas', '79950'),
(null, 958, 'Grover', '5', 'Hartford', 'Connecticut', '06105'),
(null, 959, 'Orin', '065', 'Gastonia', 'North Carolina', '28055'),
(null, 960, 'Springs', '7264', 'Palmdale', 'California', '93591'),
(null, 961, 'Westridge', '2347', 'Lexington', 'Kentucky', '40546'),
(null, 962, 'Northridge', '01', 'Johnstown', 'Pennsylvania', '15906'),
(null, 963, 'Old Shore', '9795', 'Atlanta', 'Georgia', '30343'),
(null, 964, 'Hallows', '10', 'Salt Lake City', 'Utah', '84145'),
(null, 965, 'Darwin', '2', 'Dayton', 'Ohio', '45426'),
(null, 966, 'Clove', '4697', 'Washington', 'District of Columbia', '20380'),
(null, 967, 'Sachtjen', '070', 'Seattle', 'Washington', '98109'),
(null, 968, 'Rigney', '3894', 'Monroe', 'Louisiana', '71208'),
(null, 969, 'Sloan', '66', 'Fort Lauderdale', 'Florida', '33330'),
(null, 970, 'Ramsey', '424', 'Lexington', 'Kentucky', '40505'),
(null, 971, 'Mosinee', '6975', 'Kansas City', 'Missouri', '64144'),
(null, 972, 'Pond', '789', 'Memphis', 'Tennessee', '38136'),
(null, 973, 'Nova', '222', 'Yakima', 'Washington', '98907'),
(null, 974, 'Dryden', '7', 'Evansville', 'Indiana', '47712'),
(null, 975, 'Nelson', '8136', 'Albuquerque', 'New Mexico', '87115'),
(null, 976, 'Jackson', '688', 'Gary', 'Indiana', '46406'),
(null, 977, 'Longview', '304', 'Fort Lauderdale', 'Florida', '33325'),
(null, 978, 'Lien', '23', 'Baltimore', 'Maryland', '21275'),
(null, 979, 'Dorton', '182', 'Milwaukee', 'Wisconsin', '53225'),
(null, 980, '8th', '7758', 'Dayton', 'Ohio', '45490'),
(null, 981, 'Birchwood', '5432', 'Dallas', 'Texas', '75231'),
(null, 982, 'Golden Leaf', '8293', 'Southfield', 'Michigan', '48076'),
(null, 983, 'Bonner', '53', 'New York City', 'New York', '10249'),
(null, 984, 'Annamark', '7204', 'Cincinnati', 'Ohio', '45203'),
(null, 929, 'Corscot', '4501', 'Newport Beach', 'California', '92662'),
(null, 986, 'Warbler', '1226', 'Newton', 'Massachusetts', '02162'),
(null, 987, 'Fieldstone', '1515', 'Raleigh', 'North Carolina', '27610'),
(null, 988, 'Di Loreto', '4173', 'Saint Paul', 'Minnesota', '55108'),
(null, 989, 'Nancy', '78', 'Brockton', 'Massachusetts', '02405'),
(null, 990, 'Golf View', '63', 'Allentown', 'Pennsylvania', '18105'),
(null, 991, 'Brown', '424', 'Everett', 'Washington', '98206'),
(null, 992, 'Springs', '2078', 'Riverside', 'California', '92513'),
(null, 993, 'Bowman', '9450', 'Aurora', 'Colorado', '80044'),
(null, 994, 'Springs', '5729', 'Kansas City', 'Missouri', '64101'),
(null, 995, 'Lotheville', '93', 'Alhambra', 'California', '91841'),
(null, 996, 'Clarendon', '145', 'Dallas', 'Texas', '75342'),
(null, 997, 'Onsgard', '678', 'El Paso', 'Texas', '79989'),
(null, 998, 'Blackbird', '721', 'Idaho Falls', 'Idaho', '83405'),
(null, 999, 'Delaware', '456', 'Detroit', 'Michigan', '48275'),
(null, 1000, 'Rigney', '0132', 'Miami', 'Florida', '33283'),
(null, 1001, 'Sloan', '3186', 'Portsmouth', 'Virginia', '23705'),
(null, 1002, 'Nevada', '9318', 'Omaha', 'Nebraska', '68164'),
(null, 1003, 'Jenna', '390', 'Lake Charles', 'Louisiana', '70616'),
(null, 1004, 'Ridgeway', '2131', 'Fort Smith', 'Arkansas', '72905'),
(null, 1005, 'Sommers', '59', 'Alexandria', 'Virginia', '22309'),
(null, 1006, 'Arapahoe', '2505', 'Van Nuys', 'California', '91499'),
(null, 1007, 'Carpenter', '18', 'Anchorage', 'Alaska', '99507'),
(null, 1008, 'Messerschmidt', '14', 'Springfield', 'Illinois', '62764'),
(null, 1009, '3rd', '1305', 'Washington', 'District of Columbia', '20503'),
(null, 1010, 'West', '814', 'Pittsburgh', 'Pennsylvania', '15220'),
(null, 1011, 'Dahle', '91', 'Newport News', 'Virginia', '23605'),
(null, 1012, 'Spaight', '3690', 'West Palm Beach', 'Florida', '33416'),
(null, 1013, 'Morrow', '442', 'Little Rock', 'Arkansas', '72222'),
(null, 1014, 'Melody', '6815', 'Charlottesville', 'Virginia', '22903'),
(null, 940, 'Debra', '420', 'Daytona Beach', 'Florida', '32118'),
(null, 1016, 'Trailsway', '356', 'Kansas City', 'Missouri', '64142'),
(null, 1017, 'Coolidge', '1037', 'Mount Vernon', 'New York', '10557'),
(null, 1018, 'Manufacturers', '378', 'Philadelphia', 'Pennsylvania', '19184'),
(null, 1019, 'Carberry', '70', 'Southfield', 'Michigan', '48076'),
(null, 1020, 'Lukken', '5318', 'New York City', 'New York', '10029'),
(null, 1021, 'Calypso', '27', 'San Antonio', 'Texas', '78215'),
(null, 1022, 'Comanche', '992', 'Detroit', 'Michigan', '48295'),
(null, 1023, 'Oak Valley', '838', 'Albuquerque', 'New Mexico', '87115'),
(null, 1024, 'Main', '44', 'Syracuse', 'New York', '13251'),
(null, 1025, 'Swallow', '346', 'Springfield', 'Illinois', '62756'),
(null, 1026, 'Wayridge', '575', 'Buffalo', 'New York', '14269'),
(null, 1027, 'Forest Run', '992', 'Sacramento', 'California', '95818'),
(null, 1028, 'Golf', '8546', 'Dayton', 'Ohio', '45419'),
(null, 1029, 'Memorial', '2289', 'Salt Lake City', 'Utah', '84105'),
(null, 1030, 'Kipling', '9', 'New Orleans', 'Louisiana', '70154'),
(null, 1031, 'Gateway', '120', 'Pensacola', 'Florida', '32505'),
(null, 1032, 'La Follette', '243', 'Dallas', 'Texas', '75205'),
(null, 1033, 'Reindahl', '45', 'Dallas', 'Texas', '75277'),
(null, 1034, 'Stephen', '67', 'Delray Beach', 'Florida', '33448'),
(null, 1035, 'Garrison', '580', 'New Orleans', 'Louisiana', '70187'),
(null, 1036, 'Chinook', '45', 'Grand Rapids', 'Michigan', '49505'),
(null, 1037, 'Havey', '6443', 'Irvine', 'California', '92717'),
(null, 1038, 'Farwell', '809', 'Philadelphia', 'Pennsylvania', '19125'),
(null, 1039, 'Forster', '41', 'New Orleans', 'Louisiana', '70183'),
(null, 1040, 'Rockefeller', '139', 'Staten Island', 'New York', '10310'),
(null, 1041, '7th', '8654', 'Bronx', 'New York', '10464'),
(null, 1042, 'Cherokee', '4940', 'Greensboro', 'North Carolina', '27425'),
(null, 1043, 'Badeau', '0877', 'Carol Stream', 'Illinois', '60158'),
(null, 1044, 'Rigney', '158', 'Miami', 'Florida', '33196'),
(null, 1045, 'Glendale', '66', 'Fresno', 'California', '93704'),
(null, 1046, 'Sullivan', '2448', 'Denver', 'Colorado', '80299'),
(null, 1047, 'Shopko', '484', 'Akron', 'Ohio', '44393'),
(null, 1048, 'Hudson', '1235', 'Trenton', 'New Jersey', '08603'),
(null, 1049, 'Leroy', '59', 'Duluth', 'Georgia', '30195'),
(null, 1050, 'Northridge', '654', 'Norfolk', 'Virginia', '23520'),
(1, null, 'Merchant', '266', 'Wichita', 'Kansas', '67230'),
(2, null, 'Mallard', '89', 'Reno', 'Nevada', '89510'),
(3, null, 'Fisk', '3303', 'Sacramento', 'California', '95823'),
(4, null, 'Rigney', '256', 'Miami', 'Florida', '33283'),
(5, null, 'Bonner', '6013', 'New York City', 'New York', '10249'),
(6, null, 'Mariners Cove', '745', 'Roanoke', 'Virginia', '24020'),
(7, null, 'Annamark', '124', 'Cincinnati', 'Ohio', '45203'),
(8, null, '3rd', '5565', 'Washington', 'District of Columbia', '20503'),
(9, null, 'Sycamore', '5606', 'Chicago', 'Illinois', '60604'),
(10, null, 'Sachtjen', '230', 'Seattle', 'Washington', '98109');

INSERT INTO insurance.license (customer_id, lic_issued_date, lic_expire_date, license_active)
VALUES
(1, '2021-09-24', '2026-09-24', 1),
(2, '2020-06-18', '2025-06-18', 1),
(3, '2017-11-19', '2022-11-19', 0),
(4, '2023-08-10', '2028-08-10', 1),
(5, '2022-09-22', '2027-09-22', 1),
(6, '2022-10-22', '2027-10-22', 1),
(7, '2017-08-01', '2022-08-01', 0),
(8, '2016-07-08', '2021-07-08', 0),
(8, '2021-07-01', '2026-07-01', 1),
(10, '2022-11-23', '2027-11-23', 1),
(11, '2011-03-31', '2016-03-31', 0),
(12, '2021-05-17', '2026-05-17', 1),
(13, '2018-09-09', '2023-09-09', 1),
(14, '2020-02-08', '2025-02-08', 1),
(15, '2021-02-09', '2026-02-09', 1),
(16, '2020-09-22', '2025-09-22', 1),
(17, '2019-07-17', '2024-07-17', 1),
(18, '2021-09-13', '2026-09-13', 1),
(19, '2018-01-15', '2023-01-15', 0),
(19, '2023-02-13', '2028-02-13', 1),
(21, '2022-03-03', '2027-03-03', 1),
(22, '2016-07-18', '2021-07-18', 0),
(23, '2018-09-19', '2023-09-19', 1),
(24, '2022-08-16', '2027-08-16', 1),
(25, '2021-09-15', '2026-09-15', 1),
(26, '2020-11-22', '2025-11-22', 1),
(27, '2018-05-22', '2023-05-22', 0),
(28, '2020-08-13', '2025-08-13', 1),
(29, '2018-10-19', '2023-10-19', 1),
(30, '2021-10-16', '2026-10-16', 1),
(31, '2020-08-16', '2025-08-16', 1),
(32, '2019-08-12', '2024-08-12', 1),
(33, '2020-12-25', '2025-12-25', 1),
(34, '2018-06-19', '2023-06-19', 0),
(35, '2022-01-19', '2027-01-19', 1),
(36, '2013-07-14', '2018-07-14', 0),
(37, '2020-05-12', '2025-05-12', 1),
(38, '2019-05-18', '2024-05-18', 1),
(39, '2021-02-05', '2026-02-05', 1),
(40, '2017-11-23', '2022-11-23', 0),
(41, '2018-03-14', '2023-03-14', 0),
(42, '2021-02-21', '2026-02-21', 1),
(43, '2018-08-15', '2023-08-15', 1),
(44, '2020-11-11', '2025-11-11', 1),
(45, '2021-02-10', '2026-02-10', 1),
(46, '2022-07-31', '2027-07-31', 1),
(47, '2020-07-14', '2025-07-14', 1),
(48, '2016-10-29', '2021-10-29', 0),
(49, '2018-08-31', '2023-08-31', 1),
(50, '2022-01-20', '2027-01-20', 1),
(51, '2016-06-25', '2021-06-25', 0),
(52, '2018-12-31', '2023-12-31', 1),
(53, '2012-11-20', '2017-11-20', 0),
(53, '2017-11-12', '2022-11-12', 0),
(53, '2022-10-20', '2027-10-20', 1),
(56, '2021-02-12', '2026-02-12', 1),
(57, '2023-01-23', '2028-01-23', 1),
(58, '2020-10-28', '2025-10-28', 1),
(59, '2018-05-12', '2023-05-12', 0),
(60, '2018-02-07', '2023-02-07', 0),
(60, '2023-02-05', '2028-02-05', 1),
(62, '2022-02-22', '2027-02-22', 1),
(63, '2021-07-14', '2026-07-14', 1),
(64, '2023-01-27', '2028-01-27', 1),
(65, '2018-10-09', '2023-10-09', 1),
(66, '2022-02-25', '2027-02-25', 1),
(67, '2016-11-15', '2021-11-15', 0),
(67, '2021-11-10', '2026-11-10', 1),
(69, '2022-05-20', '2027-05-20', 1),
(70, '2018-12-08', '2023-12-08', 1),
(71, '2022-02-28', '2027-02-28', 1),
(72, '2019-04-23', '2024-04-23', 1),
(73, '2018-10-31', '2023-10-31', 1),
(74, '2021-10-13', '2026-10-13', 1),
(75, '2020-01-15', '2025-01-15', 1),
(76, '2019-05-25', '2024-05-25', 1),
(77, '2010-04-15', '2015-04-15', 0),
(78, '2020-07-15', '2025-07-15', 1),
(79, '2018-08-17', '2023-08-17', 1),
(80, '2019-03-08', '2024-03-08', 1),
(81, '2022-08-16', '2027-08-16', 1),
(82, '2020-02-14', '2025-02-14', 1),
(83, '2022-06-17', '2027-06-17', 1),
(84, '2020-04-23', '2025-04-23', 1),
(85, '2019-05-10', '2024-05-10', 1),
(86, '2014-11-25', '2019-11-25', 0),
(86, '2019-11-20', '2024-11-20', 1),
(88, '2021-01-13', '2026-01-13', 1),
(89, '2021-04-25', '2026-04-25', 1),
(90, '2022-04-17', '2027-04-17', 1),
(91, '2023-02-17', '2028-02-17', 1),
(92, '2021-02-09', '2026-02-09', 1),
(93, '2022-08-26', '2027-08-26', 1),
(94, '2022-07-10', '2027-07-10', 1),
(95, '2011-10-15', '2016-10-15', 0),
(95, '2016-10-13', '2021-10-13', 0),
(95, '2021-11-25', '2026-11-25', 1),
(98, '2017-04-12', '2022-04-12', 0),
(99, '2019-09-13', '2024-09-13', 1),
(100, '2018-03-28', '2023-03-28', 0),
(20, '2019-08-23', '2024-08-23', 1),
(55, '2023-04-30', '2028-04-30', 1),
(13, '2023-07-20', '2028-07-20', 1),
(61, '2019-06-28', '2024-06-28', 1),
(68, '2017-11-28', '2022-11-28', 0),
(87, '2018-08-25', '2023-08-25', 1),
(54, '2019-08-05', '2024-08-05', 1),
(9, '2021-06-04', '2026-06-04', 1),
(96, '2018-12-19', '2023-12-19', 1),
(97, '2021-03-28', '2026-03-28', 1),
(100, '2023-03-20', '2028-03-20', 1),
(98, '2022-04-18', '2027-04-18', 1),
(22, '2021-07-10', '2026-07-10', 1),
(77, '2015-04-08', '2020-04-08', 0),
(77, '2020-05-06', '2025-05-06', 1),
(36, '2018-08-01', '2023-08-01', 1),
(51, '2021-07-10', '2026-07-10', 1),
(11, '2016-04-04', '2021-04-04', 0),
(11, '2022-03-20', '2027-03-20', 1),
(68, '2022-12-05', '2027-12-05', 1);

INSERT INTO insurance.policy (property_id, vehicle_id, policy_category, coverage_id, issued_date, expire_date, policy_active)
VALUES 
(901, null, 'Property Insurance', 21, '2022-11-02', '2023-11-02', 1),
(902, null, 'Property Insurance', 21, '2022-08-17', '2023-08-17', 1),
(903, null, 'Property Insurance', 21, '2023-07-07', '2024-07-06', 1),
(904, null, 'Property Insurance', 21, '2023-05-18', '2024-05-17', 1),
(905, null, 'Property Insurance', 21, '2023-05-28', '2024-05-27', 1),
(906, null, 'Property Insurance', 21, '2022-10-28', '2023-10-28', 1),
(907, null, 'Property Insurance', 21, '2023-05-08', '2023-05-08', 0),
(908, null, 'Property Insurance', 21, '2022-10-30', '2023-10-30', 1),
(909, null, 'Property Insurance', 21, '2023-03-02', '2024-03-01', 1),
(910, null, 'Property Insurance', 21, '2023-04-16', '2024-04-15', 1),
(911, null, 'Property Insurance', 21, '2022-11-23', '2023-11-23', 1),
(912, null, 'Property Insurance', 21, '2023-02-17', '2024-02-17', 1),
(913, null, 'Property Insurance', 22, '2022-12-17', '2023-12-17', 1),
(914, null, 'Property Insurance', 21, '2023-02-15', '2024-02-15', 1),
(915, null, 'Property Insurance', 21, '2022-07-30', '2023-07-30', 1),
(916, null, 'Property Insurance', 21, '2023-07-10', '2024-07-09', 1),
(917, null, 'Property Insurance', 21, '2022-10-11', '2023-10-11', 1),
(917, null, 'Property Insurance', 24, '2022-10-11', '2023-10-11', 1),
(918, null, 'Property Insurance', 21, '2022-12-12', '2023-12-12', 1),
(919, null, 'Property Insurance', 21, '2023-04-25', '2023-04-25', 0),
(920, null, 'Property Insurance', 21, '2022-11-16', '2022-11-16', 0),
(921, null, 'Property Insurance', 21, '2023-02-25', '2024-02-25', 1),
(922, null, 'Property Insurance', 21, '2023-01-21', '2024-01-21', 1),
(923, null, 'Property Insurance', 21, '2022-09-16', '2023-09-16', 1),
(924, null, 'Property Insurance', 21, '2022-10-07', '2022-11-01', 0),
(924, null, 'Property Insurance', 21, '2023-05-04', '2023-11-01', 1),
(926, null, 'Property Insurance', 21, '2023-04-07', '2024-04-06', 1),
(927, null, 'Property Insurance', 21, '2022-10-08', '2023-10-08', 1),
(928, null, 'Property Insurance', 21, '2022-10-24', '2023-10-24', 1),
(929, null, 'Property Insurance', 24, '2023-06-24', '2024-06-23', 1),
(930, null, 'Property Insurance', 21, '2022-08-29', '2023-08-29', 1),
(931, null, 'Property Insurance', 21, '2023-06-18', '2024-06-17', 1),
(932, null, 'Property Insurance', 21, '2023-06-14', '2024-06-13', 1),
(933, null, 'Property Insurance', 21, '2023-01-29', '2024-01-29', 1),
(934, null, 'Property Insurance', 21, '2022-08-22', '2023-08-22', 1),
(935, null, 'Property Insurance', 21, '2023-03-22', '2024-03-21', 1),
(936, null, 'Property Insurance', 21, '2022-10-04', '2023-10-04', 1),
(937, null, 'Property Insurance', 21, '2023-06-20', '2024-06-19', 1),
(938, null, 'Property Insurance', 21, '2023-06-26', '2024-06-25', 1),
(939, null, 'Property Insurance', 21, '2023-07-15', '2024-07-14', 1),
(940, null, 'Property Insurance', 21, '2023-05-01', '2024-04-30', 1),
(null, 1008, 'Automobile Insurance', 11, '2022-08-13', '2023-08-13', 1),
(null, 1008, 'Automobile Insurance', 12, '2022-08-13', '2023-08-13', 1),
(null, 1009, 'Automobile Insurance', 11, '2022-10-12', '2023-10-12', 1),
(null, 1010, 'Automobile Insurance', 11, '2022-12-02', '2023-12-02', 1),
(null, 1011, 'Automobile Insurance', 11, '2022-11-03', '2023-11-03', 1),
(null, 1012, 'Automobile Insurance', 11, '2023-01-03', '2024-01-03', 1),
(null, 1013, 'Automobile Insurance', 11, '2023-01-25', '2024-01-25', 1),
(null, 1014, 'Automobile Insurance', 11, '2022-10-08', '2023-10-08', 1),
(null, 1014, 'Automobile Insurance', 12, '2022-10-08', '2023-10-08', 1),
(null, 1014, 'Automobile Insurance', 15, '2022-10-08', '2023-10-08', 1),
(null, 1015, 'Automobile Insurance', 11, '2022-09-02', '2023-09-02', 1),
(null, 1016, 'Automobile Insurance', 11, '2023-03-04', '2024-03-03', 1),
(null, 1017, 'Automobile Insurance', 11, '2022-10-15', '2023-10-15', 1),
(null, 1018, 'Automobile Insurance', 11, '2022-09-06', '2022-09-06', 0),
(null, 1018, 'Automobile Insurance', 11, '2022-08-18', '2023-09-03', 1),
(null, 1018, 'Automobile Insurance', 12, '2022-08-18', '2023-09-03', 1),
(null, 1020, 'Automobile Insurance', 11, '2023-02-13', '2024-02-13', 1),
(null, 1021, 'Automobile Insurance', 11, '2023-02-22', '2024-02-22', 1),
(null, 1022, 'Automobile Insurance', 11, '2023-06-30', '2024-06-29', 1),
(null, 1022, 'Automobile Insurance', 12, '2023-06-30', '2024-06-29', 1),
(null, 1022, 'Automobile Insurance', 13, '2023-06-30', '2024-06-29', 1),
(null, 1023, 'Automobile Insurance', 11, '2023-03-24', '2024-03-23', 1),
(null, 1024, 'Automobile Insurance', 11, '2023-03-26', '2024-03-25', 1),
(null, 1025, 'Automobile Insurance', 11, '2023-02-26', '2024-02-26', 1),
(null, 1026, 'Automobile Insurance', 11, '2023-03-28', '2024-03-27', 1),
(null, 1027, 'Automobile Insurance', 11, '2022-12-05', '2023-12-05', 1),
(null, 1028, 'Automobile Insurance', 11, '2023-01-12', '2024-01-12', 1),
(null, 1028, 'Automobile Insurance', 12, '2023-01-12', '2024-01-12', 1),
(null, 1028, 'Automobile Insurance', 13, '2023-01-12', '2024-01-12', 1),
(null, 1029, 'Automobile Insurance', 11, '2023-07-04', '2024-07-03', 1),
(null, 1030, 'Automobile Insurance', 11, '2023-04-21', '2021-04-21', 0),
(null, 1031, 'Automobile Insurance', 11, '2022-08-14', '2023-08-14', 1),
(null, 1032, 'Automobile Insurance', 11, '2023-01-12', '2024-01-12', 1),
(null, 1033, 'Automobile Insurance', 11, '2023-07-06', '2024-07-05', 1),
(null, 1033, 'Automobile Insurance', 12, '2023-07-06', '2024-07-05', 1),
(null, 1034, 'Automobile Insurance', 11, '2023-04-15', '2024-04-14', 1),
(null, 1035, 'Automobile Insurance', 11, '2022-08-24', '2023-08-24', 1),
(null, 1036, 'Automobile Insurance', 11, '2022-09-01', '2023-09-01', 1),
(null, 1037, 'Automobile Insurance', 11, '2023-03-19', '2024-03-18', 1),
(null, 1037, 'Automobile Insurance', 12, '2023-03-19', '2024-03-18', 1),
(null, 1038, 'Automobile Insurance', 11, '2023-02-07', '2024-02-07', 1),
(null, 1038, 'Automobile Insurance', 12, '2023-02-07', '2024-02-07', 1),
(null, 1039, 'Automobile Insurance', 11, '2022-12-04', '2023-12-04', 1),
(null, 1040, 'Automobile Insurance', 11, '2023-02-22', '2024-02-22', 1),
(null, 1041, 'Automobile Insurance', 11, '2023-05-28', '2024-05-27', 1),
(null, 1041, 'Automobile Insurance', 12, '2023-05-28', '2024-05-27', 1),
(null, 1042, 'Automobile Insurance', 11, '2023-05-05', '2024-05-04', 1),
(null, 1043, 'Automobile Insurance', 11, '2022-08-21', '2023-08-21', 1),
(null, 1044, 'Automobile Insurance', 11, '2023-01-06', '2023-01-06', 0),
(null, 1045, 'Automobile Insurance', 11, '2023-01-03', '2024-01-03', 1),
(null, 1046, 'Automobile Insurance', 11, '2022-10-08', '2023-10-08', 1),
(null, 1047, 'Automobile Insurance', 11, '2023-01-20', '2024-01-20', 1),
(null, 1048, 'Automobile Insurance', 11, '2023-06-08', '2024-06-07', 1),
(null, 1049, 'Automobile Insurance', 11, '2023-01-22', '2024-01-22', 1),
(null, 1050, 'Automobile Insurance', 11, '2023-01-02', '2024-01-02', 1),
(null, 1051, 'Automobile Insurance', 11, '2023-05-22', '2024-05-21', 1),
(null, 1052, 'Automobile Insurance', 11, '2022-08-09', '2023-08-09', 1),
(null, 1052, 'Automobile Insurance', 12, '2022-08-09', '2023-08-09', 1),
(null, 1053, 'Automobile Insurance', 11, '2023-01-24', '2024-01-24', 1),
(null, 1054, 'Automobile Insurance', 11, '2023-03-02', '2024-03-01', 1),
(null, 1055, 'Automobile Insurance', 11, '2023-07-07', '2024-07-06', 1),
(null, 1056, 'Automobile Insurance', 11, '2023-03-27', '2024-03-26', 1),
(null, 1057, 'Automobile Insurance', 11, '2023-02-24', '2024-02-24', 1),
(null, 1058, 'Automobile Insurance', 11, '2022-09-05', '2023-09-05', 1),
(null, 1059, 'Automobile Insurance', 11, '2023-01-26', '2021-01-25', 0),
(null, 1062, 'Automobile Insurance', 11, '2022-12-02', '2023-12-02', 1),
(null, 1063, 'Automobile Insurance', 11, '2022-10-05', '2023-10-05', 1),
(null, 1063, 'Automobile Insurance', 12, '2022-10-05', '2023-10-05', 1),
(null, 1063, 'Automobile Insurance', 13, '2022-10-05', '2023-10-05', 1),
(null, 1063, 'Automobile Insurance', 14, '2022-10-05', '2023-10-05', 1),
(null, 1063, 'Automobile Insurance', 15, '2022-10-05', '2023-10-05', 1),
(992, null, 'Property Insurance', 22, '2022-09-26', '2023-09-26', 1),
(993, null, 'Property Insurance', 22, '2023-03-29', '2024-03-28', 1),
(994, null, 'Property Insurance', 22, '2023-02-21', '2024-02-21', 1),
(994, null, 'Property Insurance', 25, '2023-02-21', '2024-02-21', 1),
(995, null, 'Property Insurance', 22, '2023-01-16', '2024-01-16', 1),
(996, null, 'Property Insurance', 22, '2023-05-02', '2024-05-01', 1),
(997, null, 'Property Insurance', 22, '2022-12-31', '2023-12-31', 1),
(998, null, 'Property Insurance', 22, '2022-09-21', '2023-09-21', 1),
(999, null, 'Property Insurance', 22, '2022-12-08', '2022-12-08', 0),
(999, null, 'Property Insurance', 22, '2023-03-24', '2023-12-08', 1),
(1001, null, 'Property Insurance', 22, '2023-05-10', '2024-05-09', 1),
(1001, null, 'Property Insurance', 25, '2023-05-10', '2024-05-09', 1),
(1001, null, 'Property Insurance', 24, '2023-05-10', '2024-05-09', 1),
(1002, null, 'Property Insurance', 22, '2023-03-31', '2024-03-30', 1),
(1002, null, 'Property Insurance', 25, '2023-03-31', '2024-03-30', 1),
(1003, null, 'Property Insurance', 22, '2022-10-03', '2023-10-03', 1),
(1004, null, 'Property Insurance', 22, '2023-01-28', '2024-01-28', 1),
(1004, null, 'Property Insurance', 24, '2023-01-28', '2024-01-28', 1),
(1005, null, 'Property Insurance', 22, '2022-12-17', '2021-12-17', 0),
(1005, null, 'Property Insurance', 22, '2022-11-12', '2022-12-10', 0),
(1005, null, 'Property Insurance', 22, '2023-12-14', '2024-12-14', 1),
(1006, null, 'Property Insurance', 25, '2023-03-16', '2024-11-16', 1),
(1008, null, 'Property Insurance', 25, '2022-08-18', '2023-08-18', 1),
(1009, null, 'Property Insurance', 25, '2023-06-12', '2024-06-11', 1),
(1010, null, 'Property Insurance', 25, '2022-10-01', '2023-10-01', 1),
(1011, null, 'Property Insurance', 22, '2022-10-16', '2023-10-16', 1),
(1011, null, 'Property Insurance', 24, '2022-10-16', '2023-10-16', 1),
(1012, null, 'Property Insurance', 22, '2023-01-25', '2024-01-25', 1),
(1013, null, 'Property Insurance', 22, '2023-07-12', '2024-07-11', 1),
(1014, null, 'Property Insurance', 22, '2022-12-06', '2023-12-06', 1),
(1015, null, 'Property Insurance', 25, '2023-04-11', '2024-04-10', 1),
(1016, null, 'Property Insurance', 25, '2023-03-22', '2023-03-22', 0),
(1017, null, 'Property Insurance', 22, '2023-03-26', '2024-03-25', 1),
(1017, null, 'Property Insurance', 24, '2023-03-26', '2024-03-25', 1),
(1018, null, 'Property Insurance', 22, '2023-07-01', '2024-06-30', 1),
(1019, null, 'Property Insurance', 22, '2023-02-07', '2024-02-07', 1),
(1020, null, 'Property Insurance', 22, '2022-08-17', '2022-08-17', 0),
(1020, null, 'Property Insurance', 24, '2022-08-17', '2022-08-17', 0),
(1021, null, 'Property Insurance', 22, '2023-03-05', '2024-03-04', 1),
(1022, null, 'Property Insurance', 22, '2022-11-13', '2023-11-13', 1),
(1023, null, 'Property Insurance', 25, '2022-12-11', '2023-12-11', 1),
(1024, null, 'Property Insurance', 22, '2023-07-07', '2024-07-06', 1),
(1024, null, 'Property Insurance', 24, '2023-07-07', '2024-07-06', 1),
(1024, null, 'Property Insurance', 25, '2023-07-07', '2024-07-06', 1),
(1025, null, 'Property Insurance', 22, '2023-07-16', '2024-07-15', 1),
(1026, null, 'Property Insurance', 22, '2023-02-05', '2024-02-05', 1),
(1026, null, 'Property Insurance', 24, '2023-02-05', '2024-02-05', 1),
(1026, null, 'Property Insurance', 25, '2023-02-05', '2024-02-05', 1),
(1027, null, 'Property Insurance', 25, '2022-11-06', '2023-11-06', 1),
(1028, null, 'Property Insurance', 25, '2022-09-01', '2023-09-01', 1),
(1029, null, 'Property Insurance', 22, '2023-07-21', '2024-07-20', 1),
(1030, null, 'Property Insurance', 23, '2023-01-14', '2024-01-14', 1),
(1031, null, 'Property Insurance', 22, '2022-08-04', '2023-08-04', 1),
(1032, null, 'Property Insurance', 23, '2023-06-11', '2024-06-10', 1),
(1033, null, 'Property Insurance', 23, '2023-03-19', '2024-03-18', 1),
(1034, null, 'Property Insurance', 22, '2023-02-02', '2024-02-02', 1),
(1035, null, 'Property Insurance', 22, '2022-11-05', '2023-11-05', 1),
(1036, null, 'Property Insurance', 23, '2023-04-14', '2024-04-13', 1),
(1037, null, 'Property Insurance', 22, '2023-03-25', '2024-03-24', 1),
(1038, null, 'Property Insurance', 22, '2023-03-03', '2024-03-02', 1),
(1039, null, 'Property Insurance', 22, '2023-04-20', '2024-04-19', 1),
(1040, null, 'Property Insurance', 23, '2022-09-27', '2023-09-27', 1),
(1041, null, 'Property Insurance', 22, '2022-11-21', '2023-11-21', 1),
(null, 1075, 'Automobile Insurance', 11, '2023-07-22', '2024-07-21', 1),
(null, 1076, 'Automobile Insurance', 11, '2023-07-13', '2024-07-12', 1),
(null, 1076, 'Automobile Insurance', 12, '2023-07-13', '2024-07-12', 1),
(null, 1076, 'Automobile Insurance', 13, '2023-07-13', '2024-07-12', 1),
(null, 1076, 'Automobile Insurance', 14, '2023-07-13', '2024-07-12', 1),
(null, 1076, 'Automobile Insurance', 15, '2023-07-13', '2024-07-12', 1),
(null, 1077, 'Automobile Insurance', 11, '2022-12-06', '2023-12-06', 1),
(null, 1078, 'Automobile Insurance', 11, '2022-12-18', '2023-12-18', 1),
(null, 1079, 'Automobile Insurance', 11, '2022-09-25', '2023-09-25', 1),
(null, 1079, 'Automobile Insurance', 12, '2022-09-25', '2023-09-25', 1),
(null, 1080, 'Automobile Insurance', 11, '2023-02-28', '2024-02-28', 1);

INSERT INTO insurance.accident (report_number, property_id, vehicle_id, accident_type, accident_date, location, accident_record, damage_estimate, at_fault)
VALUES
(1, null, 961, 'Rear-end collision', '2023-07-21 20:09:08', 'Chinook Plaza & Badeau Crossing, Fort Smith, AR', null, 1561.39, 1),
(2, null, 962, 'T-bone accident', '2023-05-29 03:33:22', 'Amoth Court & Hoard Hill, Jackson, MS', null, 615.34, 1),
(3, null, 963, 'T-bone accident', '2023-07-01 16:41:23', 'Shasta Trail & Lake View Alley, Wichita, KS', null, 8205.23, 1),
(4, null, 964, 'Sideswipe accident', '2023-07-21 22:40:08', 'Carey Parkway & Orin Drive, Washington, DC', null, 9237.91, 0),
(5, null, 965, 'T-bone accident', '2023-05-25 11:32:44', 'Lindbergh Court & Sugar Crossing, Buffalo, NY', null, 2899.36, 0),
(6, null, 966, 'T-bone accident', '2023-04-27 11:34:54', 'Center Center & Rusk Lane, Las Cruces, NM', null, 8884.68, 1),
(7, null, 967, 'T-bone accident', '2023-07-17 21:47:44', 'Kings Park & Garrison Lane, El Paso, TX', null, 1123.18, 1),
(8, null, 968, 'T-bone accident', '2023-03-23 16:38:38', ' Morning Place & Barnett Way, Denver, CO', null, 6426.23, 0),
(9, null, 1076, 'T-bone accident', '2023-05-15 09:34:34', 'Rutledge Place & Nobel Drive, Gulfport, MS', null, 7709.55, 1),
(10, null, 985, 'Sideswipe accident', '2023-03-06 07:33:10', 'Acker Hill & Sundown Park, Brooklyn, NY', null, 8290.50, 0),
(11, null, 986, 'Rear-end collision', '2023-04-12 09:20:39', 'Warner Drive & 2nd Point, Milwaukee, WI', null, 8471.44, 1),
(12, null, 987, 'Single-vehicle crash', '2023-02-15 04:25:41', 'Banding Court & Dayton Hill, San Diego, CA', null, 3177.17, 0),
(13, null, 988, 'Sideswipe accident', '2023-05-28 11:51:08', 'Monica Circle & Boyd Junction, Atlanta, GA', null, 6782.15, 1),
(14, null, 989, 'Rear-end collision', '2023-04-03 12:08:11', 'Mayer Plaza & Golf Place, Wilmington, DE', null, 1520.30, 1),
(15, null, 990, 'Rear-end collision', '2023-02-13 05:19:10', 'Schmedeman Place & Acker Terrace, Minneapolis, MN', null, 5390.42, 0),
(16, null, 991, 'Rear-end collision', '2023-05-11 08:01:12', 'Forest Avenue & Fair Oaks Street, Youngstown, OH', null, 6966.83, 0),
(17, null, 992, 'Rear-end collision', '2023-06-13 16:41:41', 'Moulton Crossing & 2nd Parkway, Buffalo, NY', null, 916.45, 1),
(18, null, 993, 'Single-vehicle crash', '2023-03-12 08:05:54', 'American Crossing & Briar Crest Junction, San Jose, CA', null, 3400.38, 1),
(19, null, 994, 'Rear-end collision', '2023-03-31 21:14:35', 'Nancy Center & Mandrake Hill, Santa Rosa, CA', null, 7909.87, 1),
(20, null, 995, 'Rear-end collision', '2023-03-29 04:15:06', '345 Lakewood Gardens Trail, Abilene, TX', null, 6416.80, 0),
(21, null, 996, 'Rear-end collision', '2023-02-19 23:24:11', '233 Hermina Plaza, Colorado Springs, CO', null, 5105.97, 0),
(22, null, 997, 'Rear-end collision', '2023-03-09 05:05:45', 'Anhalt Court & Russell Street, Akron, OH', null, 8280.58, 0),
(23, null, 998, 'Head-on collision', '2023-06-12 00:30:26', 'Sloan Court & Thompson Junction, Newport Beach, CA', null, 6199.65, 1),
(24, null, 999, 'Rear-end collision', '2023-05-21 07:04:10', 'Clyde Gallagher Point & Tony Trail, San Angelo, TX', null, 958.36, 1),
(25, null, 1000, 'Low-speed accident', '2023-06-11 19:06:22', '3293 Mcguire Lane, Charlotte, NC', null, 9026.62, 0),
(26, null, 1001, 'Single-vehicle crash', '2023-04-11 09:04:16', 'Forest Run Pass & Morning Street, Madison, WI', null, 8285.38, 1),
(27, null, 1002, 'Rear-end collision', '2023-04-07 13:03:58', 'Veith Place & Arkansas Drive, Salt Lake City, UT', null, 2988.53, 1),
(28, null, 1003, 'Rear-end collision', '2023-04-15 22:41:14', 'Manley Trail & Bobwhite Circle, Nashville, TN', null, 8632.10, 1),
(29, null, 1004, 'Single-vehicle crash', '2023-02-06 12:53:36', 'Cody Trail & Thierer Plaza, Moreno Valley, CA', null, 8238.91, 0),
(30, null, 1005, 'Rear-end collision', '2023-05-03 09:18:09', 'Schurz Lane & Maywood Center, Fort Wayne, IN', null, 8724.48, 0),
(31, 910, null, 'Water Damage', '2023-07-03 00:10:28', '205 Golden Leaf, Vero Beach, FL', null, 4105.28, null),
(32, 911, null, 'Fire Damage', '2023-04-11 17:49:12', '8897 Mockingbird, Dallas, TX', null, 5245.48, null),
(33, 912, null, 'Water Damage', '2023-07-17 23:57:44', '341 Sycamore, Chicago, IL', null, 1769.75, null),
(34, 913, null, 'Water Damage', '2023-04-05 16:53:58', '5 Stone Corner, Salt Lake City, UT', null, 660.76, null),
(35, 914, null, 'Water Damage', '2023-07-01 23:09:59', '7 Mariners Cove, Roanoke, VA', null, 7823.29, null),
(36, 915, null, 'Burglary and Theft Incident', '2023-07-01 08:42:08', '1273 Paget, Sacramento, CA', null, 9693.51, null),
(37, 916, null, 'Water Damage', '2023-05-01 17:32:12', '1418 Fisk, Sacramento, CA', null, 1303.40, null),
(38, 917, null, 'Water Damage', '2023-03-17 23:30:39', '70 Pennsylvania, Honolulu, HI', null, 9062.04, null),
(39, 918, null, 'Wind and Hail Damage', '2023-05-30 14:40:15', '3 Sommers, Montgomery, AL', null, 3196.50, null),
(40, 919, null, 'Fire Damage', '2023-05-26 09:40:41', '85 Butterfield, Chattanooga, TN', null, 4591.79, null),
(41, 925, null, 'Water  Damage', '2023-03-06 21:09:27', '9 Washington, Tampa, FL', null, 2988.64, null),
(42, 997, null, 'Fire Damage', '2023-07-17 05:35:19', '678 Onsgard, El Paso, TX', null, 6648.58, null),
(43, 998, null, 'Water Damage', '2023-07-24 14:07:36', '721 Blackbird, Idaho Falls, ID', null, 864.87, null),
(44, 999, null, 'Sinkhole Damage', '2023-05-01 23:47:39', '456 Delaware, Detroit, MI', null, 7990.23, null),
(45, 1000, null, 'Hurricane Damage', '2023-06-30 07:41:15', '132 Rigney, Miami, FL', null, 7385.74, null),
(46, 1001, null, 'Burglary and Theft Incident', '2023-03-27 15:01:34', '3186 Sloan, Portsmouth, VA', null, 8572.42, null),
(47, 1002, null, 'Wind and Hail Damage', '2023-03-09 21:20:29', '9318 Nevada, Omaha, Nebraska', null, 6696.38, null),
(48, 1003, null, 'Wind and Hail Damage', '2023-07-05 16:01:52', '390 Jenna, Lake Charles, LA', null, 8742.85, null),
(49, 1004, null, 'Wind and Hail Damage', '2023-04-24 06:22:34', '2131 Ridgeway, Fort Smith, AR', null, 5840.48, null),
(50, 1005, null, 'Wind and Hail Damage', '2023-05-05 06:44:11', '59 Sommers, Alexandria, VA', null, 3378.93, null),
(51, 1006, null, 'Burglary and Theft Incident', '2023-07-17 04:52:39', '2505 Arapahoe, Van Nuys, CA', null, 9673.80, null),
(52, 1007, null, 'Burglary and Theft Incident', '2023-04-15 06:44:20', '18 Carpenter, Anchorage, AK', null, 6215.31, null),
(53, 1008, null, 'Tree Damage', '2023-05-03 18:19:07', '14 Messerschmidt, Springfield, IL', null, 2458.41, null),
(54, 1009, null, 'Fire Damage', '2023-03-27 22:24:20', '1305 3rd, Washington, DC', null, 8429.46, null),
(55, 1010, null, 'Wind and Hail Damage', '2023-06-08 21:11:02', '814 West, Pittsburgh, PA', null, 7797.48, null),
(56, 1011, null, 'Burglary and Theft Incident', '2023-05-17 17:45:42', '91 Dahle, Newport News, VA', null, 4512.90, null),
(57, 1012, null, 'Water Damage', '2023-03-29 10:04:41', '3690 Spaight, West Palm Beach, FL', null, 5987.38, null),
(58, 1013, null, 'Wind and Hail Damage', '2023-05-28 12:21:21', '442 Morrow, Little Rock, AR', null, 4106.84, null),
(59, 1014, null, 'Wind and Hail Damage', '2023-07-08 15:58:24', '6815 Melody, Charlottesville, VA', null, 1361.89, null),
(60, 1015, null, 'Burglary and Theft Incident', '2023-04-19 13:00:51', '83 Russell, Los Angeles, CA', null, 4107.30, null);

INSERT INTO insurance.coverage (coverage_id, coverage_type, coverage_desc, min_payment, max_coverage)
VALUES
(11, 'Liability coverage', 'Auto liability coverage is mandatory. This includes Bodily injury liability and Property damage liability', 200.00, 50000.00),
(12, 'Uninsured and underinsured motorist coverage', 'Covers medical bills or repairs to your vehicle if you are hit by a driver who does not have insurance or an underinsured driver', 100.00, 50000.00),
(13, 'Comprehensive coverage', 'Covers damage to your car from things like theft, fire, hail or vandalism. It may pay to repair or replace your vehicle.', 100.00, 10000.00),
(14, 'Collision coverage', 'Covers accident with another vehicle, or if you hit an object such as a fence. It may pay to repair or replace your vehicle', 100.00, 20000.00),
(15, 'Medical payments coverage', 'If you, your passengers or family members who are driving the insured vehicle are injured in an accident, it may pays costs associated with the injuries', 500.00, 500000.00),
(21, 'Home coverage', 'Protects homes against loss or damage caused due to theft, fire, or natural & manmade disasters', 200.00, 50000.00),
(22, 'Commercial coverage', 'Covers business units, shops, factories, warehouses, etc. Financial losses caused to commercial properties due to natural disasters are also covered', 5000.00, 3000000.00),
(23, 'Renters coverage', 'Covers loss or damages caused to the property by tenants. Electronic appliances, furniture, fittings, and other expensive installations are also covered', 50.00, 10000.00),
(24, 'Fire coverage', 'Protects properties against losses or damages caused due to fire. This plan covers fire accidents caused due to explosions, implosions, and lightning', 1000.00, 1000000.00),
(25, 'Public liability coverage', 'Protects property owners against the losses or damages caused within their property and losses caused to customers. Used on commercial properties such as restaurants and hotels', 2000.00, 2000000.00);

INSERT INTO insurance.payment (payment_id, agent_id, customer_id, policy_id, total_amount, payment_method, debitorcredit)
VALUES
(1, 2, 4, 1, 280.50, 'visa', 2),
(2, 4, 60, 63, 220.30, 'visa', 2),
(3, 10, 6, 6, 200.00, 'mastercard', 1),
(4, 2, 12, 177, 1540.35, 'amex', 2),
(5, 8, 72, 96, 320.50, 'mastercard', 1);